,en,es,fr,in,it,nl,pt,tl
en,12.579148233431042,13.412594114804705,11.902169739629631,15.191109506588399,14.643971603522411,13.330103053810683,13.186475716388385,14.829559254831835
es,14.547181515257451,11.97551320732334,12.042588314359762,13.878568523015884,13.307540541285796,13.16670385787899,12.246643276802354,14.60828721873379
fr,14.637219063967972,12.768733416797108,12.350566691284433,15.34364290868031,14.315355692847177,13.530848973782343,13.27011772123853,15.499608731910124
in,14.994689146168547,13.922002158147787,12.722596400274153,13.062449569541691,14.44408759795392,14.340804131215366,13.695018374936211,13.515339158181055
it,14.677917899475593,12.40107344912731,12.478263420519045,13.796956217015925,12.28805304951493,13.616495817604825,12.379418407725426,14.216597548920362
nl,14.516354653594203,14.030403392148576,12.860741295168705,15.29165906037268,15.34473384243453,12.27310504787855,14.155552166900149,15.14069816648195
pt,13.852343368246306,11.810494740090974,11.807977918407149,13.368077463037302,12.844423392217049,13.111423653217898,11.898183648829097,13.688038383174838
tl,14.09422941109137,13.765339993049025,12.188070455804684,13.714972878137006,14.130902035382489,13.645972795673583,13.356914426835367,12.572145494527962
