,en,es,fr,in,it,nl,pt,tl
en,14.954497192618483,17.557307827163154,16.691777170820075,20.447546580820212,18.741254147358266,18.384435325802983,17.608717922975153,19.65231659519614
es,19.804420884686973,14.045118821751924,16.981291175845612,20.313889543123413,17.047745440460996,19.606257619692478,15.613762399278091,20.510822147421035
fr,19.02182104573655,16.74321793655993,14.487609506106248,21.217396208172723,18.436675643073922,19.183053017872158,17.471083874916175,21.316078561795955
in,19.470163930975538,18.06237047489614,18.510414427937956,15.392363234472947,19.037878414305613,19.719234360979844,18.120523530265913,17.65648759596023
it,19.68963104407588,16.391051860823453,17.429267995911037,20.27490021822945,14.4131391758287,20.147427157479065,16.208599824983754,19.7725515162251
nl,18.423846618094498,18.854738321532977,18.269516274129263,20.441302605482836,20.207722147071493,14.826938711432758,19.124872977157107,20.213700093293838
pt,19.5427409014225,15.665498565904697,17.270368732436058,20.216526723310277,17.018654245098762,20.011668881571666,13.756323800828488,19.719762467659265
tl,18.147270752302468,18.21279103572767,18.025105577162282,17.994469157813263,18.496596601953843,19.60878624926089,17.921314501766954,14.694538512578903
