,en,es,fr,in,it,nl,pt,tl
en,8.734948496186254,10.601739676461282,9.266709772777487,12.284248150705066,11.575470946994779,10.504276775620962,10.513063681040265,11.50098712446171
es,11.567575700954963,8.31001929380021,9.449055970541984,11.233398577962856,10.109780719348224,10.704324636194666,9.207739221634357,11.466084680162997
fr,11.373073781066015,9.911115153572338,8.554343517524382,12.395548325242359,11.15818412552023,10.826088273978643,10.483608173450342,12.089393589838703
in,11.563783254661384,11.005726082119736,10.128192929092725,9.263651134918216,11.261693032071925,11.379947743221248,10.897499370315835,10.11363977287093
it,11.627493233505858,9.430560174196232,9.813096670630404,11.149373600334592,8.444241039918715,11.198089227814952,9.451630240944452,10.969712005025333
nl,11.152567614890474,11.348057922117972,10.182978266232286,12.369893289049822,12.455352667375156,8.632502075044615,11.552711208019373,11.759245341510848
pt,11.01931709578962,8.866903699021753,9.365039673127827,10.94876830027911,9.84570199965765,10.837932562627582,8.073184065561845,10.659178504266194
tl,10.538736049888037,10.588308390501053,9.532679723140928,10.6198111030431,10.87204588421176,10.766957341922968,10.407956062710602,8.430425248911664
